Molecule ChEMBL ID,MACCS_sim_score,ECFP4_sim_score,MCSS_rdkit_sim_score,Smiles,Standard Type,Standard Relation,Standard Value,Standard Units,Document ChEMBL ID,Smiles (RDKit Mol)
CHEMBL3663937,0.812,0.542,0.357,C=CC(=O)Nc1ccc(F)c(Oc2nc(Nc3ccc(N4CCN(C)CC4)cc3)c(C(N)=O)nc2CC)c1,IC50,'=',1.5,nM,CHEMBL3638445, 
CHEMBL4205392,0.8170000000000001,0.3444,0.1908,C=CC(=O)N[C@@H]1CN(c2nc(Nc3cn(C)nc3OC)c3ncn(CC)c3n2)C[C@H]1F,Ki,'=',6.0,nM,CHEMBL4177539, 
CHEMBL4216679,0.8200000000000001,0.341125,0.18775,C=CC(=O)N[C@@H]1CN(c2nc(Nc3cn(C)nc3OC)c3ncn(C(C)C)c3n2)C[C@H]1F,Ki,'=',8.0,nM,CHEMBL4177539, 
CHEMBL4208829,0.8170000000000001,0.3414,0.1842,C=CC(=O)N[C@@H]1CN(c2nc(Nc3cn(C)nc3OC)c3ncn(C(C)(C)C)c3n2)C[C@H]1F,Ki,'=',18.0,nM,CHEMBL4177539, 
CHEMBL4216749,0.8512045454545455,0.4422500000000001,0.3395454545454544,C=CC(=O)Nc1cccc(Oc2nc(Nc3cnn(CCN(C)C)c3)nc3[nH]ccc23)c1F,Ki,'=',2.0,nM,CHEMBL4177539, 
CHEMBL4213741,0.806,0.436,0.377,C=CC(=O)N1CC[C@H](Nc2nc(Nc3ccc(N4CCN(C)CC4)cc3)c3ncn(C(C)C)c3n2)C1,Ki,'=',164.0,nM,CHEMBL4177539, 
CHEMBL4211782,0.843911111111111,0.3993555555555554,0.3468,C=CC(=O)Nc1cccc(Oc2nc(Nc3cnn(CCN(C)C)c3)nc3[nH]ccc23)c1,Ki,'=',3.0,nM,CHEMBL4177539, 
CHEMBL4206312,0.806,0.436,0.377,C=CC(=O)N1CC[C@@H](Nc2nc(Nc3ccc(N4CCN(C)CC4)cc3)c3ncn(C(C)C)c3n2)C1,Ki,'=',32.0,nM,CHEMBL4177539, 
CHEMBL4278815,0.899109090909091,0.698109090909091,0.8668545454545455,C=C=CC(=O)Nc1cc(Nc2nccc(-c3cnn4ccccc34)n2)c(OC)cc1N(C)CCN(C)C,IC50,'=',1.3,nM,CHEMBL4257480, 
CHEMBL4286318,0.9307413793103448,0.7909999999999997,0.8761551724137933,C=C=CC(=O)Nc1cc(Nc2nccc(-c3cn(C)c4ccccc34)n2)c(OC)cc1N(C)CCN(C)C,IC50,'=',1.4,nM,CHEMBL4257480, 
CHEMBL4282688,0.930741379310345,0.7374655172413795,0.841206896551724,C=C=CC(=O)Nc1cc(Nc2ncc(OC)c(-c3cn(C)c4ccccc34)n2)c(OC)cc1N(C)CCN(C)C,IC50,'=',0.7,nM,CHEMBL4257480, 
CHEMBL4293734,0.8820769230769231,0.7231730769230771,0.5602692307692306,C=C=CC(=O)Nc1cc(Nc2nccc(-c3cn(C)c4ccccc34)n2)c(OC)cc1N1CCC(N(C)C)CC1,IC50,'=',1.0,nM,CHEMBL4257480, 
CHEMBL4287401,0.8246666666666667,0.6476666666666667,0.6124999999999999,C=C=CC(=O)Nc1cc(Nc2nccc(-c3cn(C)c4ccccc34)n2)c(OC)cc1OCCN1CCOCC1,IC50,'=',0.7,nM,CHEMBL4257480, 
CHEMBL4289490,0.908555555555556,0.7683333333333334,0.8595370370370371,C=C=CC(=O)Nc1cc(Nc2nccc(-c3cn(C)c4cc(Cl)ccc34)n2)c(OC)cc1N(C)CCN(C)C,IC50,'=',2.6,nM,CHEMBL4257480, 
CHEMBL4294211,0.8265714285714286,0.7239428571428572,0.5062000000000002,C=C=CC(=O)Nc1cc(Nc2nccc(-c3cn(C)c4ccccc34)n2)c(OC)cc1N1CCC(N2CCOCC2)CC1,IC50,'=',0.7,nM,CHEMBL4257480, 
CHEMBL4287141,0.9097090909090908,0.7657636363636365,0.8573272727272727,C=C=CC(=O)Nc1cc(Nc2nccc(-c3cn(C)c4cc(F)ccc34)n2)c(OC)cc1N(C)CCN(C)C,IC50,'=',1.0,nM,CHEMBL4257480, 
CHEMBL4280993,0.8444782608695651,0.7600434782608694,0.8564130434782609,C=C=CC(=O)Nc1cc(Nc2nccc(-c3cn(C)c4ccccc34)n2)c(C)cc1N(C)CCN(C)C,IC50,'=',2.7,nM,CHEMBL4257480, 
CHEMBL4290812,0.8948703703703703,0.7422407407407409,0.6240185185185183,C=C=CC(=O)Nc1cc(Nc2nccc(-c3cn(C)c4ccccc34)n2)c(OC)cc1N1CCN(C)CC1,IC50,'=',0.3,nM,CHEMBL4257480, 
CHEMBL4290568,0.9307413793103452,0.7389137931034482,0.8594482758620688,C=C=CC(=O)Nc1cc(Nc2ncc(C)c(-c3cn(C)c4ccccc34)n2)c(OC)cc1N(C)CCN(C)C,IC50,'=',1.0,nM,CHEMBL4257480, 
CHEMBL4282543,0.8524509803921569,0.6663333333333333,0.6848823529411763,C=C=CC(=O)Nc1cc(Nc2nccc(-c3cn(C)c4ccccc34)n2)c(OC)cc1OCCN1CCN(C)CC1,IC50,'=',0.4,nM,CHEMBL4257480, 
CHEMBL4288246,0.8569999999999999,0.7519399999999999,0.6888199999999999,C=C=CC(=O)Nc1cc(Nc2nccc(-c3cn(C)c4ccccc34)n2)c(OC)cc1N(C)CCN1CCOCC1,IC50,'=',1.2,nM,CHEMBL4257480, 
CHEMBL4279227,0.921,0.6969122807017543,0.8630526315789477,C=C=CC(=O)Nc1cc(Nc2nccc(-c3c[nH]c4ccccc34)n2)c(OC)cc1N(C)CCN(C)C,IC50,'=',0.5,nM,CHEMBL4257480, 
CHEMBL4279016,0.8841132075471697,0.7263962264150945,0.5165660377358491,C=C=CC(=O)Nc1cc(Nc2nccc(-c3cn(C)c4ccccc34)n2)c(OC)cc1N1CCC(N2CCN(C)CC2)CC1,IC50,'=',0.7,nM,CHEMBL4257480, 
CHEMBL4293126,0.9096964285714286,0.7490714285714287,0.8547142857142856,C=C=CC(=O)Nc1cc(Nc2nccc(-c3cn(C)c4ccccc34)n2)c(OCC)cc1N(C)CCN(C)C,IC50,'=',0.8,nM,CHEMBL4257480, 
CHEMBL4279057,0.8892264150943396,0.6558679245283019,0.5361132075471697,C=C=CC(=O)Nc1cc(Nc2nccc(-c3cn(C)c4ccccc34)n2)c(OC)cc1N1CCC(N(C)C)C1,IC50,'=',0.7,nM,CHEMBL4257480, 
CHEMBL4277911,0.8933076923076924,0.7476346153846154,0.8510384615384616,C=C=CC(=O)Nc1cc(Nc2nccc(-c3cn(C)c4ccccc34)n2)c(OC)cc1N(CC)CCN(C)C,IC50,'=',0.8,nM,CHEMBL4257480, 
CHEMBL4282954,0.8366666666666664,0.719888888888889,0.6237500000000002,C=C=CC(=O)Nc1cc(Nc2nccc(-c3cn(C)c4ccccc34)n2)c(OC)cc1N1CCOCC1,IC50,'=',0.6,nM,CHEMBL4257480, 
CHEMBL4282523,0.8444782608695651,0.7550652173913043,0.8317826086956521,C=C=CC(=O)Nc1cc(Nc2nccc(-c3cn(C)c4ccccc34)n2)ccc1N(C)CCN(C)C,IC50,'=',1.5,nM,CHEMBL4257480, 
CHEMBL4444312,0.84,0.5927142857142857,0.5810000000000001,CCC/C=C\C(=O)Nc1cc(Nc2nc3c(c(-c4cn(C)c5ccccc45)n2)CS(=O)(=O)CC3)c(OC)cc1N(C)CCN(C)C,IC50,'=',16.0,nM,CHEMBL4312015, 
CHEMBL4471845,0.8573200000000001,0.6973400000000001,0.8012600000000001,C=C(Cl)C(=O)Nc1cc(Nc2nc3c(c(-c4cn(C)c5ccccc45)n2)CSCC3)c(OC)cc1N(C)CCN(C)C,IC50,'=',31.0,nM,CHEMBL4312015, 
CHEMBL4583545,0.8402,0.6764,0.6228,C=C(Cl)C(=O)Nc1cc(Nc2nc3c(c(-c4cn(C)c5ccccc45)n2)CS(=O)(=O)CC3)c(OC)cc1N(C)CCN(C)C,IC50,'=',990.0,nM,CHEMBL4312015, 
CHEMBL4579805,0.8875961538461539,0.6579807692307692,0.8106346153846153,CCC/C=C\C(=O)Nc1cc(Nc2nc(C)cc(-c3cn(C)c4ccc(F)cc34)n2)c(OC)cc1N(C)CCN(C)C,IC50,'=',923.0,nM,CHEMBL4411272, 
CHEMBL4463634,0.8865961538461539,0.6899615384615384,0.8470000000000001,C=C(Cl)C(=O)Nc1cc(Nc2ncc(C#N)c(-c3cn(C)c4ccccc34)n2)c(OC)cc1N(C)CCN(C)C,IC50,'=',20.0,nM,CHEMBL4411272, 
CHEMBL4468034,0.9078363636363636,0.7218,0.859490909090909,CC/C=C\C(=O)Nc1cc(Nc2nccc(-c3cn(C)c4ccccc34)n2)c(OC)cc1N(C)CCN(C)C,IC50,'=',177.0,nM,CHEMBL4411272, 
CHEMBL4452628,0.9083999999999998,0.6382727272727272,0.8064727272727275,COc1cc(N(C)CCN(C)C)c(NC(=O)/C=C\C(C)C)cc1Nc1ncc(C#N)c(-c2cn(C)c3ccccc23)n1,IC50,'=',219.0,nM,CHEMBL4411272, 
CHEMBL4553685,0.8968518518518517,0.6301481481481482,0.8065925925925926,CCC/C=C\C(=O)Nc1cc(Nc2ncc(C#N)c(-c3cn(C)c4ccccc34)n2)c(OC)cc1N(C)CCN(C)C,IC50,'=',37.0,nM,CHEMBL4411272, 
CHEMBL4434924,0.9178245614035088,0.6788245614035087,0.8196666666666668,COc1cc(N(C)CCN(C)C)c(NC(=O)/C=C\C(C)C)cc1Nc1nc(C)cc(-c2cn(C)c3ccccc23)n1,IC50,'=',38.0,nM,CHEMBL4411272, 
CHEMBL4464589,0.887596153846154,0.6876153846153847,0.8242307692307691,CCC/C=C\C(=O)Nc1cc(Nc2nccc(-c3cn(C)c4ccc(F)cc34)n2)c(OC)cc1N(C)CCN(C)C,IC50,'=',7.5,nM,CHEMBL4411272, 
CHEMBL4527702,0.8962777777777782,0.8124259259259263,0.8595370370370371,COc1cc(N(C)CCN(C)C)c(NC(=O)C=C(C)C)cc1Nc1nccc(-c2cn(C)c3ccccc23)n1,IC50,'=',209.0,nM,CHEMBL4411272, 
CHEMBL4535047,0.8881538461538463,0.6021923076923077,0.7930769230769231,COc1cc(N(C)CCN(C)C)c(NC(=O)/C=C\C(C)C)cc1Nc1ncc(C#N)c(-c2cn(C)c3ccc(F)cc23)n1,IC50,'=',360.0,nM,CHEMBL4411272, 
CHEMBL4451986,0.9178245614035088,0.7338070175438597,0.8757368421052631,C/C=C\C(=O)Nc1cc(Nc2nccc(-c3cn(C)c4ccccc34)n2)c(OC)cc1N(C)CCN(C)C,IC50,'=',52.0,nM,CHEMBL4411272, 
CHEMBL4460320,0.9078363636363636,0.6821272727272726,0.8441454545454544,CC/C=C\C(=O)Nc1cc(Nc2nc(C)cc(-c3cn(C)c4ccccc34)n2)c(OC)cc1N(C)CCN(C)C,IC50,'=',18.0,nM,CHEMBL4411272, 
CHEMBL4445761,0.8875961538461539,0.6671730769230769,0.8293653846153846,CC/C=C\C(=O)Nc1cc(Nc2nc(C)cc(-c3cn(C)c4ccc(F)cc34)n2)c(OC)cc1N(C)CCN(C)C,IC50,'=',998.0,nM,CHEMBL4411272, 
CHEMBL4439632,0.8972075471698113,0.7407358490566038,0.8632075471698114,C=C(Cl)C(=O)Nc1cc(Nc2nc(C)cc(-c3cn(C)c4ccccc34)n2)c(OC)cc1N(C)CCN(C)C,IC50,'=',10.0,nM,CHEMBL4411272, 
CHEMBL4583858,0.9078363636363636,0.7112909090909092,0.8391454545454546,CCC/C=C\C(=O)Nc1cc(Nc2nccc(-c3cn(C)c4ccccc34)n2)c(OC)cc1N(C)CCN(C)C,IC50,'=',203.0,nM,CHEMBL4411272, 
CHEMBL4445797,0.8968518518518517,0.6386481481481481,0.8251666666666668,CC/C=C\C(=O)Nc1cc(Nc2ncc(C#N)c(-c3cn(C)c4ccccc34)n2)c(OC)cc1N(C)CCN(C)C,IC50,'=',16.0,nM,CHEMBL4411272, 
CHEMBL4441933,0.8972075471698113,0.7839622641509433,0.8792641509433964,C=C(Cl)C(=O)Nc1cc(Nc2nccc(-c3cn(C)c4ccccc34)n2)c(OC)cc1N(C)CCN(C)C,IC50,'=',33.0,nM,CHEMBL4411272, 
CHEMBL4557772,0.9002830188679247,0.7839622641509433,0.8792641509433964,C=C(F)C(=O)Nc1cc(Nc2nccc(-c3cn(C)c4ccccc34)n2)c(OC)cc1N(C)CCN(C)C,IC50,'=',6.0,nM,CHEMBL4411272, 
CHEMBL4472983,0.887596153846154,0.697230769230769,0.8438269230769231,CC/C=C\C(=O)Nc1cc(Nc2nccc(-c3cn(C)c4ccc(F)cc34)n2)c(OC)cc1N(C)CCN(C)C,IC50,'=',388.0,nM,CHEMBL4411272, 
CHEMBL4553484,0.89888679245283,0.6666603773584906,0.8071320754716982,COc1cc(N(C)CCN(C)C)c(NC(=O)/C=C\C(C)C)cc1Nc1nc(C)cc(-c2cn(C)c3ccc(F)cc23)n1,IC50,'=',892.0,nM,CHEMBL4411272, 
CHEMBL4438905,0.9178245614035088,0.7188245614035088,0.8342982456140352,COc1cc(N(C)CCN(C)C)c(NC(=O)/C=C\C(C)C)cc1Nc1nccc(-c2cn(C)c3ccccc23)n1,IC50,'=',397.0,nM,CHEMBL4411272, 
CHEMBL4470120,0.8768823529411764,0.5963529411764708,0.794137254901961,CCC/C=C\C(=O)Nc1cc(Nc2ncc(C#N)c(-c3cn(C)c4ccc(F)cc34)n2)c(OC)cc1N(C)CCN(C)C,IC50,'=',201.0,nM,CHEMBL4411272, 
CHEMBL4548960,0.9078363636363636,0.672290909090909,0.8245090909090911,CCC/C=C\C(=O)Nc1cc(Nc2nc(C)cc(-c3cn(C)c4ccccc34)n2)c(OC)cc1N(C)CCN(C)C,IC50,'=',8.0,nM,CHEMBL4411272, 
CHEMBL4776833,0.823,0.512,0.367,C=CC(=O)Nc1cccc(Oc2nc(Nc3cccc(OC)c3)nc3c2CSCC3)c1,IC50,'=',638.4,nM,CHEMBL4725402, 
CHEMBL3786343,0.8338571428571429,0.4574285714285714,0.3464285714285715,C=CC(=O)Nc1cccc(Oc2nc(Nc3ccc(N4CCN(C)CC4)cc3)nc3ccsc23)c1,IC50,'=',12.7,nM,CHEMBL4725402, 
CHEMBL4780534,0.823,0.512,0.367,C=CC(=O)Nc1cccc(Oc2nc(Nc3ccc(OC)cc3)nc3c2CSCC3)c1,IC50,'=',132.1,nM,CHEMBL4725402, 
CHEMBL5085118,0.838,0.4711904761904761,0.3784761904761904,C=CC(=O)N1CCC2(CC1)CNC(=O)c1cc(-c3nc(Nc4ccccc4OC)ncc3C)[nH]c12,IC50,'=',1.2,nM,CHEMBL5029169, 
CHEMBL5088102,0.8289310344827587,0.4416896551724138,0.3602758620689656,COc1ccccc1Nc1nccc(-c2cc3c([nH]2)C2(CCN(C(=O)C#CN(C)C)CC2)CNC3=O)n1,IC50,'=',2.8,nM,CHEMBL5029169, 
CHEMBL5077776,0.8337352941176471,0.5049705882352942,0.384235294117647,C=CC(=O)N1CCC2(CC1)CNC(=O)c1cc(-c3ccnc(Nc4ccccc4OC)n3)[nH]c12,IC50,'=',0.9,nM,CHEMBL5029169, 
CHEMBL5079430,0.8327692307692307,0.4672051282051282,0.3678461538461537,C=CC(=O)N1CCC2(CC1)CNC(=O)c1cc(-c3ccnc(Nc4ccccc4OC(C)C)n3)[nH]c12,IC50,'=',1.3,nM,CHEMBL5029169, 
CHEMBL5089073,0.8222727272727273,0.5062727272727272,0.3840909090909091,C=CC(=O)N1CCC2(CC1)CNC(=O)c1cc(-c3ccnc(Nc4ccccc4OC)c3)[nH]c12,IC50,'=',37.0,nM,CHEMBL5029169, 
CHEMBL5076067,0.8283750000000001,0.4649375,0.379875,C=CC(=O)N1CCC2(CC1)CNC(=O)c1cc(-c3nc(Nc4ccccc4OC)ncc3Cl)[nH]c12,IC50,'=',0.8,nM,CHEMBL5029169, 
CHEMBL5083976,0.815,0.351,0.18,C=CC(=O)N1CCC2(CC1)CNC(=O)c1cc(-c3ccnc(-c4cccc(OC)c4)n3)[nH]c12,IC50,'=',9.6,nM,CHEMBL5029169, 
CHEMBL3663921,0.80525,0.58,0.337,C=CC(=O)Nc1cccc(Oc2nc(Nc3ccc(N4CCN(C)CC4)cc3)c(C(N)=O)nc2CC)c1,IC50,'=',1.3,nM,CHEMBL3638445, 
CHEMBL3663922,0.8201538461538461,0.4670769230769231,0.3064615384615384,CCc1nc(C(N)=O)c(Nc2ccc(N3CCN(C)CC3)cc2)nc1Oc1cccc(NC(=O)/C=C/CN(C)C)c1,IC50,'=',1.4,nM,CHEMBL3638445, 
CHEMBL3663923,0.8135,0.5808,0.3242,C=CC(=O)Nc1cccc(Oc2nc(Nc3ccc(N4CCN(C)CC4)cc3)c(C(N)=O)nc2CC)c1C,IC50,'=',1.1,nM,CHEMBL3638445, 
CHEMBL3663924,0.8214615384615385,0.5396923076923077,0.3373076923076923,C=CC(=O)Nc1cccc(Oc2nc(Nc3ccc(N4CCN(C)CC4)cc3)c(C(N)=O)nc2C(C)C)c1,IC50,'=',1.5,nM,CHEMBL3638445, 
CHEMBL3663926,0.8214999999999999,0.587,0.3775,C=CC(=O)Nc1cccc(Oc2cnc(C(N)=O)c(Nc3ccc(N4CCN(C)CC4)cc3)n2)c1,IC50,'=',0.92,nM,CHEMBL3638445, 
CHEMBL3663927,0.8064285714285715,0.6094285714285714,0.3291428571428571,C=CC(=O)Nc1cccc(Oc2nc(Nc3ccc(OC)c(N4CCN(C)CC4)c3)c(C(N)=O)nc2CC)c1,IC50,'=',1.2,nM,CHEMBL3638445, 
CHEMBL3663929,0.809,0.5,0.311,C=CC(=O)N1CC[C@@H](Oc2nc(Nc3ccc(N4CCC(N5CCN(C)CC5)CC4)cc3)c(C(N)=O)nc2CC)C1,IC50,'=',1.7,nM,CHEMBL3638445, 
CHEMBL3663930,0.8219375,0.4965624999999998,0.32325,C=CC(=O)Nc1cccc(Oc2nc(Nc3cnn(C4CCN(C)CC4)c3)c(C(N)=O)nc2C(C)C)c1,IC50,'=',1.3,nM,CHEMBL3638445, 
CHEMBL3663931,0.805625,0.545125,0.3245,C=CC(=O)Nc1cccc(Oc2nc(Nc3ccc(N4CCN(C)[C@@H](C)C4)cc3)c(C(N)=O)nc2CC)c1,IC50,'=',1.2,nM,CHEMBL3638445, 
CHEMBL3663932,0.805625,0.545125,0.3245,C=CC(=O)Nc1cccc(Oc2nc(Nc3ccc(N4CCN(C)[C@H](C)C4)cc3)c(C(N)=O)nc2CC)c1,IC50,'=',0.56,nM,CHEMBL3638445, 
CHEMBL3797606,0.8212857142857143,0.5641428571428572,0.362,C=CC(=O)Nc1cccc(Oc2nc(Nc3ccc(N4CCN(C)CC4)cc3OC)ncc2SC)c1,IC50,'=',0.4,nM,CHEMBL3797107, 
CHEMBL3797963,0.817,0.531,0.286,C=CC(=O)Nc1cccc(Oc2nc(Nc3ccc(N4CCN(S(C)(=O)=O)CC4)cc3OC)ncc2SC)c1,IC50,'=',7.3,nM,CHEMBL3797107, 
CHEMBL3798501,0.812,0.614,0.415,C=CC(=O)Nc1cccc(Oc2nc(Nc3ccc(N4CCN(C(C)=O)CC4)cc3OC)ncc2SC)c1,IC50,'=',0.7,nM,CHEMBL3797107, 
CHEMBL3798887,0.803,0.453,0.286,C=CC(=O)Nc1cccc(Oc2nc(Nc3ccc(N4CCN(C(=O)C(C)C)CC4)cc3OC)ncc2SC)c1,IC50,'=',3.6,nM,CHEMBL3797107, 
CHEMBL4080433,0.9027272727272728,0.7650181818181818,0.889018181818182,C=CC(=O)Nc1cc(Nc2nccc(-n3ncc4ccccc43)n2)c(OC)cc1N(C)CCN(C)C,IC50,'>',600.0,nM,CHEMBL4052618, 
CHEMBL4170033,0.843086956521739,0.6034130434782607,0.362304347826087,C=CC(=O)Nc1cc(Nc2nccc(Nc3ccccc3-c3ccn(C)n3)n2)c(OC)cc1N1CCN(C)CC1,IC50,'>',1000.0,nM,CHEMBL4152247, 
CHEMBL4175782,0.8787115384615386,0.6510769230769233,0.5010192307692307,C=CC(=O)Nc1cc(Nc2nccc(Nc3ccccc3-c3ncn(C)n3)n2)c(OC)cc1N(C)CCN(C)C,IC50,'=',7.7,nM,CHEMBL4152247, 
CHEMBL4173470,0.8180000000000001,0.5652903225806452,0.3585161290322581,C=CC(=O)Nc1cc(Nc2nccc(Nc3ccccc3-n3nccn3)n2)c(OC)cc1N1CCC(N(C)C)CC1,IC50,'=',202.3,nM,CHEMBL4152247, 
CHEMBL4175045,0.8787115384615386,0.6510769230769233,0.5010192307692307,C=CC(=O)Nc1cc(Nc2nccc(Nc3ccccc3-c3ccn(C)n3)n2)c(OC)cc1N(C)CCN(C)C,IC50,'=',4.1,nM,CHEMBL4152247, 
CHEMBL4166609,0.8787115384615387,0.6207499999999999,0.5108461538461541,C=CC(=O)Nc1cc(Nc2nccc(Nc3ccccc3-n3cccn3)n2)c(OC)cc1N(C)CCN(C)C,IC50,'=',4.1,nM,CHEMBL4152247, 
CHEMBL4165126,0.8116666666666668,0.6073333333333333,0.5206666666666667,C=CC(=O)Nc1cc(Nc2nccc(Nc3ccccc3-n3nccn3)n2)c(OC)cc1N1CCOCC1,IC50,'=',838.5,nM,CHEMBL4152247, 
CHEMBL4164396,0.8313499999999997,0.5740749999999999,0.507225,C=CC(=O)Nc1cc(Nc2nccc(Nc3ccccc3-c3ccn(C)n3)n2)c(OC)cc1OCCN(C)C,IC50,'=',16.4,nM,CHEMBL4152247, 
CHEMBL4176827,0.82975,0.6044999999999999,0.52325,C=CC(=O)Nc1cc(Nc2nccc(Nc3ccccc3-n3cccn3)n2)c(OC)cc1N1CCOCC1,IC50,'>',1000.0,nM,CHEMBL4152247, 
CHEMBL4174523,0.838,0.6307499999999999,0.51275,C=CC(=O)Nc1cc(Nc2nccc(Nc3ccccc3-c3ccn(C)n3)n2)c(OC)cc1N1CCOCC1,IC50,'>',1000.0,nM,CHEMBL4152247, 
CHEMBL4159404,0.8327142857142855,0.5905238095238095,0.3521428571428572,C=CC(=O)Nc1cc(Nc2nccc(Nc3ccccc3-c3ccn(C)n3)n2)c(OC)cc1N1CCC(N(C)C)CC1,IC50,'=',38.5,nM,CHEMBL4152247, 
CHEMBL4166210,0.8333023255813952,0.5729767441860466,0.3706279069767441,C=CC(=O)Nc1cc(Nc2nccc(Nc3ccccc3-n3cccn3)n2)c(OC)cc1N1CCN(C)CC1,IC50,'=',142.7,nM,CHEMBL4152247, 
CHEMBL4173032,0.8155714285714286,0.5757714285714286,0.3745714285714285,C=CC(=O)Nc1cc(Nc2nccc(Nc3ccccc3-n3nccn3)n2)c(OC)cc1N1CCN(C)CC1,IC50,'=',174.5,nM,CHEMBL4152247, 
CHEMBL4162767,0.8603829787234041,0.6235106382978722,0.5102765957446808,C=CC(=O)Nc1cc(Nc2nccc(Nc3ccccc3-n3nccn3)n2)c(OC)cc1N(C)CCN(C)C,IC50,'=',33.1,nM,CHEMBL4152247, 
CHEMBL4581316,0.8122173913043479,0.628304347826087,0.5438260869565219,C=CC(=O)Nc1cc(Nc2ncc(I)c(Nc3ccccc3P(C)(C)=O)n2)c(OC)cc1N(C)CCN(C)C,IC50,'=',8.0,nM,CHEMBL4382192, 
CHEMBL4516287,0.8775,0.6505,0.4955,C=CC(=O)Nc1cc(Nc2nccc(Nc3ccccc3S(=O)(=O)C(C)C)n2)c(OC)cc1N(C)CCN(C)C,IC50,'=',86.0,nM,CHEMBL4382192, 
CHEMBL4540442,0.868,0.6505,0.4955,C=CC(=O)Nc1cc(Nc2nccc(Nc3ccccc3S(=O)(=O)N(C)C)n2)c(OC)cc1N(C)CCN(C)C,IC50,'=',12.0,nM,CHEMBL4382192, 
CHEMBL4448107,0.845,0.6395,0.4865,C=CC(=O)Nc1cc(Nc2ncc(F)c(Nc3ccccc3S(=O)(=O)C(C)C)n2)c(OC)cc1N(C)CCN(C)C,IC50,'=',2.0,nM,CHEMBL4382192, 
CHEMBL4473365,0.845,0.6395,0.4865,C=CC(=O)Nc1cc(Nc2ncc(Cl)c(Nc3ccccc3S(=O)(=O)C(C)C)n2)c(OC)cc1N(C)CCN(C)C,IC50,'=',4.0,nM,CHEMBL4382192, 
CHEMBL4558227,0.81752,0.6216800000000001,0.54264,C=CC(=O)Nc1cc(Nc2ncc(F)c(Nc3ccccc3P(C)(C)=O)n2)c(OC)cc1N(C)CCN(C)C,IC50,'=',5.0,nM,CHEMBL4382192, 
CHEMBL4465103,0.8305428571428571,0.6223142857142857,0.5478285714285713,C=CC(=O)Nc1cc(Nc2nccc(Nc3ccccc3P(C)(C)=O)n2)c(OC)cc1N(C)CCN(C)C,IC50,'=',35.0,nM,CHEMBL4382192, 
CHEMBL4565984,0.8365,0.6395,0.4865,C=CC(=O)Nc1cc(Nc2ncc(F)c(Nc3ccccc3S(=O)(=O)N(C)C)n2)c(OC)cc1N(C)CCN(C)C,IC50,'=',3.0,nM,CHEMBL4382192, 
CHEMBL4520341,0.8144782608695651,0.628304347826087,0.5438260869565219,C=CC(=O)Nc1cc(Nc2ncc(Cl)c(Nc3ccccc3P(C)(C)=O)n2)c(OC)cc1N(C)CCN(C)C,IC50,'=',12.0,nM,CHEMBL4382192, 
CHEMBL4467561,0.8365,0.6395,0.4865,C=CC(=O)Nc1cc(Nc2ncc(I)c(Nc3ccccc3S(=O)(=O)N(C)C)n2)c(OC)cc1N(C)CCN(C)C,IC50,'=',5.0,nM,CHEMBL4382192, 
CHEMBL4449391,0.8365,0.6395,0.4865,C=CC(=O)Nc1cc(Nc2ncc(Cl)c(Nc3ccccc3S(=O)(=O)N(C)C)n2)c(OC)cc1N(C)CCN(C)C,IC50,'=',4.0,nM,CHEMBL4382192, 
CHEMBL4531697,0.845,0.6395,0.4865,C=CC(=O)Nc1cc(Nc2ncc(I)c(Nc3ccccc3S(=O)(=O)C(C)C)n2)c(OC)cc1N(C)CCN(C)C,IC50,'=',33.0,nM,CHEMBL4382192, 
CHEMBL3425661,0.809,0.446,0.367,COc1cc(N2CCN(C)CC2)ccc1Nc1ncc(Cl)c(Oc2cccc(NC(=O)/C(C#N)=C/c3ccncc3)c2)n1,IC50,'=',37.0,nM,CHEMBL3425413, 
CHEMBL3425660,0.809,0.431,0.355,COc1cc(N2CCN(C)CC2)ccc1Nc1ncc(Cl)c(Oc2cccc(NC(=O)/C(C#N)=C/c3ccc(C#N)cc3)c2)n1,IC50,'=',940.0,nM,CHEMBL3425413, 
CHEMBL3425662,0.803,0.431,0.373,COc1cc(N2CCN(C)CC2)ccc1Nc1ncc(Cl)c(Oc2cccc(NC(=O)/C(C#N)=C/c3ccco3)c2)n1,IC50,'=',330.0,nM,CHEMBL3425413, 
CHEMBL3425663,0.8167500000000001,0.4277499999999999,0.3385,COc1cc(N2CCN(C)CC2)ccc1Nc1ncc(Cl)c(Oc2cccc(NC(=O)/C(C#N)=C/c3cnc[nH]3)c2)n1,IC50,'=',81.0,nM,CHEMBL3425413, 
CHEMBL3425671,0.8165,0.5195,0.379,COc1cc(N2CCN(C)CC2)ccc1Nc1ncc(Cl)c(Oc2cccc(NC(C)=O)c2)n1,IC50,'=',180.0,nM,CHEMBL3425413, 
CHEMBL3425665,0.8015000000000001,0.472,0.35,COc1cc(N2CCN(C)CC2)ccc1Nc1ncc(Cl)c(Oc2cccc(NC(=O)/C(C#N)=C/C(C)C)c2)n1,IC50,'=',800.0,nM,CHEMBL3425413, 
CHEMBL3425672,0.827,0.4865,0.4075,COc1cc(N2CCN(C)CC2)ccc1Nc1ncc(Cl)c(Oc2cccc(NC(=O)/C=C/C3CC3)c2)n1,IC50,'=',830.0,nM,CHEMBL3425413, 
CHEMBL3781897,0.81,0.423,0.268,COc1ccccc1Nc1cc[nH]c(=O)c1C(=O)Nc1ccc(C2CCN(C)CC2)cc1,Ki,'=',15.0,nM,CHEMBL3779874, 
CHEMBL3781993,0.8,0.407,0.273,CN1CCN(c2ccc(NC(=O)c3c(Nc4ccnc(N)n4)cc[nH]c3=O)cc2)CC1,Ki,'=',4.0,nM,CHEMBL3779874, 
CHEMBL3781462,0.8214999999999999,0.4315,0.273,COc1ccccc1Nc1cc[nH]c(=O)c1C(=O)Nc1ccc(N2CCN(C)CC2)nc1,Ki,'=',78.0,nM,CHEMBL3779874, 
CHEMBL3780509,0.806,0.49,0.291,CCc1cc(NC(=O)c2c(Nc3ccccc3OC)cc[nH]c2=O)ccc1N1CCN(C)CC1,Ki,'=',31.0,nM,CHEMBL3779874, 
CHEMBL3780175,0.822,0.44,0.268,COc1ccccc1Nc1cc[nH]c(=O)c1C(=O)Nc1ccc(N2CCS(=O)(=O)CC2)cc1,Ki,'=',37.0,nM,CHEMBL3779874, 
CHEMBL3780841,0.803,0.3168333333333333,0.2993333333333333,COc1ccccc1Nc1cc[nH]c(=O)c1-c1nc2c(C(C)C)cccc2[nH]1,Ki,'=',58.0,nM,CHEMBL3779874, 
CHEMBL3780090,0.8185,0.4315,0.273,COc1ccccc1Nc1cc[nH]c(=O)c1C(=O)Nc1ccc(N2CCN(C)CC2)cc1,Ki,'=',19.0,nM,CHEMBL3779874, 
CHEMBL3781805,0.81,0.423,0.268,COc1ccccc1Nc1cc[nH]c(=O)c1C(=O)Nc1ccc(N2CCC(C)CC2)cc1,Ki,'=',625.0,nM,CHEMBL3779874, 
CHEMBL3780320,0.8075,0.4765,0.268,COc1ccccc1Nc1cc[nH]c(=O)c1C(=O)Nc1ccc(N2CCN(C)CC2)c(C)c1,Ki,'=',26.0,nM,CHEMBL3779874, 
CHEMBL3780404,0.803,0.3184,0.2956,COc1ccccc1Nc1cc[nH]c(=O)c1-c1nc2c(C(C)C)ccc(C)c2[nH]1,Ki,'=',88.0,nM,CHEMBL3779874, 
CHEMBL3985086,0.8015000000000001,0.489,0.3429999999999999,C=CC(=O)Nc1cccc(Nc2nc(Nc3ccc(Cn4ccnc4)cc3OC)ncc2Cl)c1,IC50,'=',109.0,nM,CHEMBL3860065, 
CHEMBL3956430,0.821,0.512,0.36,C=CC(=O)Nc1cccc(Nc2nc(Nc3ccc(OCCn4ccnc4)cc3)ncc2F)c1,IC50,'=',9.1,nM,CHEMBL3860065, 
CHEMBL4473365,0.845,0.6395,0.4865,C=CC(=O)Nc1cc(Nc2ncc(Cl)c(Nc3ccccc3S(=O)(=O)C(C)C)n2)c(OC)cc1N(C)CCN(C)C,EC50,'=',6.0,nM,CHEMBL4382192, 
CHEMBL4467561,0.8365,0.6395,0.4865,C=CC(=O)Nc1cc(Nc2ncc(I)c(Nc3ccccc3S(=O)(=O)N(C)C)n2)c(OC)cc1N(C)CCN(C)C,EC50,'=',19.0,nM,CHEMBL4382192, 
CHEMBL4533742,0.817,0.5,0.463,CCC(=O)Nc1cc(Nc2ncc(Cl)c(Nc3ccccc3S(=O)(=O)C(C)C)n2)c(OC)cc1N(C)CCN(C)C,EC50,'=',972.0,nM,CHEMBL4382192, 
CHEMBL4465103,0.8305428571428571,0.6223142857142857,0.5478285714285713,C=CC(=O)Nc1cc(Nc2nccc(Nc3ccccc3P(C)(C)=O)n2)c(OC)cc1N(C)CCN(C)C,EC50,'=',830.0,nM,CHEMBL4382192, 
CHEMBL4581316,0.8122173913043479,0.628304347826087,0.5438260869565219,C=CC(=O)Nc1cc(Nc2ncc(I)c(Nc3ccccc3P(C)(C)=O)n2)c(OC)cc1N(C)CCN(C)C,EC50,'=',31.0,nM,CHEMBL4382192, 
CHEMBL4516287,0.8775,0.6505,0.4955,C=CC(=O)Nc1cc(Nc2nccc(Nc3ccccc3S(=O)(=O)C(C)C)n2)c(OC)cc1N(C)CCN(C)C,EC50,'=',183.0,nM,CHEMBL4382192, 
CHEMBL4540442,0.868,0.6505,0.4955,C=CC(=O)Nc1cc(Nc2nccc(Nc3ccccc3S(=O)(=O)N(C)C)n2)c(OC)cc1N(C)CCN(C)C,EC50,'=',22.0,nM,CHEMBL4382192, 
CHEMBL4520341,0.8144782608695651,0.628304347826087,0.5438260869565219,C=CC(=O)Nc1cc(Nc2ncc(Cl)c(Nc3ccccc3P(C)(C)=O)n2)c(OC)cc1N(C)CCN(C)C,EC50,'=',45.0,nM,CHEMBL4382192, 
CHEMBL4448107,0.845,0.6395,0.4865,C=CC(=O)Nc1cc(Nc2ncc(F)c(Nc3ccccc3S(=O)(=O)C(C)C)n2)c(OC)cc1N(C)CCN(C)C,EC50,'=',5.0,nM,CHEMBL4382192, 
CHEMBL4558227,0.81752,0.6216800000000001,0.54264,C=CC(=O)Nc1cc(Nc2ncc(F)c(Nc3ccccc3P(C)(C)=O)n2)c(OC)cc1N(C)CCN(C)C,EC50,'=',162.0,nM,CHEMBL4382192, 
CHEMBL4565984,0.8365,0.6395,0.4865,C=CC(=O)Nc1cc(Nc2ncc(F)c(Nc3ccccc3S(=O)(=O)N(C)C)n2)c(OC)cc1N(C)CCN(C)C,EC50,'=',6.0,nM,CHEMBL4382192, 
CHEMBL4449391,0.8365,0.6395,0.4865,C=CC(=O)Nc1cc(Nc2ncc(Cl)c(Nc3ccccc3S(=O)(=O)N(C)C)n2)c(OC)cc1N(C)CCN(C)C,EC50,'=',6.0,nM,CHEMBL4382192, 
CHEMBL4531697,0.845,0.6395,0.4865,C=CC(=O)Nc1cc(Nc2ncc(I)c(Nc3ccccc3S(=O)(=O)C(C)C)n2)c(OC)cc1N(C)CCN(C)C,EC50,'=',22.0,nM,CHEMBL4382192, 
CHEMBL4450061,0.8403421052631579,0.6343157894736843,0.5227368421052632,C=CC(=O)Nc1cc(Nc2nccc(NC(=O)c3ccc(OC)c(OC)c3)n2)c(OC)cc1N(C)CCN(C)C,IC50,'=',123.2,nM,CHEMBL4382243, 
CHEMBL4451619,0.8303571428571427,0.571190476190476,0.3794761904761904,C=CC(=O)Nc1cc(Nc2nccc(NC(=O)c3cccc(OC)c3)n2)c(OC)cc1N1CCN(C)CC1,IC50,'=',54.99,nM,CHEMBL4382243, 
CHEMBL4555707,0.82825,0.554,0.4325,C=CC(=O)Nc1cc(Nc2nccc(NC(=O)c3cccc(OC)c3)n2)c(OC)cc1N1CCC(C(N)=O)CC1,IC50,'=',32.61,nM,CHEMBL4382243, 
CHEMBL4454516,0.8427499999999999,0.5875,0.5385,C=CC(=O)Nc1cc(Nc2nccc(NC(=O)c3ccccc3)n2)c(OC)cc1N1CCC(C(N)=O)CC1,IC50,'=',0.5872,nM,CHEMBL4382243, 
CHEMBL4540295,0.8281333333333333,0.5409333333333335,0.3828666666666667,C=CC(=O)Nc1cc(Nc2nccc(NC(=O)c3ccc(C(F)(F)F)cc3)n2)c(OC)cc1N1CCN(C)CC1,IC50,'=',27.92,nM,CHEMBL4382243, 
CHEMBL4570293,0.8525510204081632,0.5887959183673471,0.3666734693877551,C=CC(=O)Nc1cc(Nc2nccc(NC(=O)c3cccc4ccccc34)n2)c(OC)cc1N1CCN(C)CC1,IC50,'=',33.31,nM,CHEMBL4382243, 
CHEMBL4563980,0.8506750000000001,0.63345,0.53905,C=CC(=O)Nc1cc(Nc2nccc(NC(=O)c3cccc(OC)c3)n2)c(OC)cc1N(C)CCN(C)C,IC50,'=',59.0,nM,CHEMBL4382243, 
CHEMBL4441745,0.8205,0.554,0.417125,C=CC(=O)Nc1cc(Nc2nccc(NC(=O)c3ccc(OC)c(OC)c3)n2)c(OC)cc1N1CCC(C(N)=O)CC1,IC50,'=',54.69,nM,CHEMBL4382243, 
CHEMBL4575697,0.8557608695652175,0.6219130434782609,0.5436956521739131,C=CC(=O)Nc1cc(Nc2nccc(NC(=O)c3ccccc3)n2)c(OC)cc1N(C)CCN(C)C,IC50,'=',142.7,nM,CHEMBL4382243, 
CHEMBL4438856,0.8435833333333331,0.6001388888888888,0.5275277777777777,C=CC(=O)Nc1cc(Nc2nccc(NC(=O)c3ccc(C(F)(F)F)cc3)n2)c(OC)cc1N(C)CCN(C)C,IC50,'=',46.52,nM,CHEMBL4382243, 
CHEMBL4456234,0.8332702702702703,0.5718108108108106,0.396054054054054,C=CC(=O)Nc1cc(Nc2nccc(NC(=O)c3ccccc3)n2)c(OC)cc1N1CCN(C)CC1,IC50,'=',120.7,nM,CHEMBL4382243, 
CHEMBL4587847,0.8230833333333334,0.5729999999999998,0.3648055555555556,C=CC(=O)Nc1cc(Nc2nccc(NC(=O)c3ccc(OC)c(OC)c3)n2)c(OC)cc1N1CCN(C)CC1,IC50,'=',12.57,nM,CHEMBL4382243, 
CHEMBL4449898,0.809,0.54,0.491,C=CC(=O)Nc1cc(Nc2nccc(NC(=O)c3ccc(C(F)(F)F)cc3)n2)c(OC)cc1N1CCC(C(N)=O)CC1,IC50,'=',65.34,nM,CHEMBL4382243, 
CHEMBL5191556,0.817,0.4342,0.3592,C=CC(=O)N1CCC(Oc2nc(Nc3ccc(N4CCN(C)CC4)c(F)c3)nc3ccsc23)CC1,IC50,'=',10.32,nM,CHEMBL5096223, 
CHEMBL5198920,0.8716346153846154,0.4777692307692306,0.3915961538461537,C=CC(=O)N1CCC(Oc2nc(Nc3ccc(N(C)CCN(C)C)cc3OC)nc3[nH]ccc23)CC1,IC50,'=',7.696,nM,CHEMBL5096223, 
CHEMBL5205097,0.8559215686274508,0.4411568627450979,0.2758235294117646,C=CC(=O)N1CCC(Oc2nc(Nc3ccc(N4CCN(C)CC4)cc3OC)nc3[nH]ccc23)CC1,IC50,'=',12.32,nM,CHEMBL5096223, 
CHEMBL5184048,0.806,0.302,0.189,C=CC(=O)N1CCC(Oc2nc(Nc3ccn(C)n3)nc3ccsc23)CC1,IC50,'=',126.0,nM,CHEMBL5096223, 
CHEMBL5208549,0.8140000000000001,0.323,0.1773333333333333,C=CC(=O)N1CCC(Oc2nc(Nc3cnn(C)c3)nc3[nH]ccc23)CC1,IC50,'=',203.8,nM,CHEMBL5096223, 
CHEMBL5179952,0.8238,0.4074,0.3448,C=CC(=O)N1CCC(Oc2nc(Nc3ccc(N4CCN(C)CC4)cc3)nc3ccsc23)CC1,IC50,'=',4.902,nM,CHEMBL5096223, 
CHEMBL5208416,0.8211428571428573,0.388095238095238,0.2641904761904761,C=CC(=O)N1CCC(Oc2nc(Nc3ccc(N4CCN(C)CC4)cc3)nc3[nH]ccc23)CC1,IC50,'=',5.681,nM,CHEMBL5096223, 
CHEMBL5172236,0.806,0.392,0.38,C=CC(=O)N1CCC(Oc2nc(Nc3ccc(N4CCOCC4)cc3)nc3ccsc23)CC1,IC50,'=',6.532,nM,CHEMBL5096223, 
CHEMBL5199399,0.8224333333333333,0.4402,0.2884,C=CC(=O)N1CCC(Oc2nc(Nc3ccc(N4CCN(C)CC4)cc3OC)nc3ccsc23)CC1,IC50,'=',14.2,nM,CHEMBL5096223, 
CHEMBL5171318,0.818,0.302,0.189,C=CC(=O)N1CCC(Oc2nc(Nc3cnn(C)c3)nc3ccsc23)CC1,IC50,'=',135.0,nM,CHEMBL5096223, 
CHEMBL5199354,0.8075000000000001,0.3934999999999999,0.3175,C=CC(=O)N1CCC(Oc2nc(Nc3ccc(N4CCN(CCO)CC4)cc3)ncc2Cl)CC1,IC50,'=',42.06,nM,CHEMBL5096223, 
CHEMBL5174995,0.8263636363636364,0.4415454545454545,0.3291818181818182,C=CC(=O)N1CCC(Oc2nc(Nc3ccc(N4CCN(C(C)=O)CC4)cc3OC)nc3ccsc23)CC1,IC50,'=',20.23,nM,CHEMBL5096223, 
CHEMBL5183664,0.803,0.469,0.392,C=CC(=O)N1CCC(Oc2nc(Nc3ccc(N4CCN(C)CC4)cc3)ncc2Cl)CC1,IC50,'=',20.1,nM,CHEMBL5096223, 
CHEMBL5189711,0.8308780487804877,0.4395121951219512,0.2716585365853659,C=CC(=O)N1CCC(Oc2nc(Nc3ccc(N4CCN(C(C)=O)CC4)cc3OC)nc3[nH]ccc23)CC1,IC50,'=',31.35,nM,CHEMBL5096223, 
CHEMBL5181848,0.825,0.4629999999999999,0.408,C=CC(=O)N1CCC(Oc2nc(Nc3ccc(N4CCOCC4)cc3OC)nc3ccsc23)CC1,IC50,'=',9.664,nM,CHEMBL5096223, 
CHEMBL5192155,0.818,0.4120666666666667,0.2599333333333333,C=CC(=O)N1CCC(Oc2nc(Nc3ccc(N4CCN(C)CC4)c(F)c3)nc3[nH]ccc23)CC1,IC50,'=',13.42,nM,CHEMBL5096223, 
