Molecule ChEMBL ID,Standard Type,Standard Relation,Standard Value,Standard Units,Smiles,Smiles (RDKit Mol),Document ChEMBL ID
CHEMBL4290812_synthetic_inactive,IC50,'=',58174.72681082088,nM,C=C=CC(=O)Nc1cc(Cc2cccc(-c3cn(C)c4ccccc34)c2)c(OC)cc1N1CCN(C)CC1, ,
CHEMBL4282688_synthetic_inactive,IC50,'=',36574.62715246911,nM,C=C=CC(=O)Nc1cc(Cc2ccc(OC)c(-c3cn(C)c4ccccc34)c2)c(OC)cc1N(C)CCN(C)C, ,
CHEMBL4279057_synthetic_inactive,IC50,'=',55869.32656221005,nM,C=C=CC(=O)Nc1cc(Cc2cccc(-c3cn(C)c4ccccc34)c2)c(OC)cc1N1CCC(N(C)C)C1, ,
CHEMBL4293126_synthetic_inactive,IC50,'=',34442.69825094959,nM,C=C=CC(=O)Nc1cc(Cc2cccc(-c3cn(C)c4ccccc34)c2)c(OCC)cc1N(C)CCN(C)C, ,
CHEMBL4277911_synthetic_inactive,IC50,'=',47780.61553956049,nM,C=C=CC(=O)Nc1cc(Cc2cccc(-c3cn(C)c4ccccc34)c2)c(OC)cc1N(CC)CCN(C)C, ,
CHEMBL4287141_synthetic_inactive,IC50,'=',93626.2710827144,nM,C=C=CC(=O)Nc1cc(Cc2cccc(-c3cn(C)c4cc(F)ccc34)c2)c(OC)cc1N(C)CCN(C)C, ,
CHEMBL4290568_synthetic_inactive,IC50,'=',60936.703089740295,nM,C=C=CC(=O)Nc1cc(Cc2ccc(C)c(-c3cn(C)c4ccccc34)c2)c(OC)cc1N(C)CCN(C)C, ,
CHEMBL4288246_synthetic_inactive,IC50,'=',67092.06408434385,nM,C=C=CC(=O)Nc1cc(Cc2cccc(-c3cn(C)c4ccccc34)c2)c(OC)cc1N(C)CCN1CCOCC1, ,
CHEMBL4286318_synthetic_inactive,IC50,'=',92827.32152731082,nM,C=C=CC(=O)Nc1cc(Cc2cccc(-c3cn(C)c4ccccc34)c2)c(OC)cc1N(C)CCN(C)C, ,
CHEMBL4289490_synthetic_inactive,IC50,'=',67436.16131081976,nM,C=C=CC(=O)Nc1cc(Cc2cccc(-c3cn(C)c4cc(Cl)ccc34)c2)c(OC)cc1N(C)CCN(C)C, ,
CHEMBL4557772_synthetic_inactive,IC50,'=',97939.32696499908,nM,C=C(F)C(=O)Nc1cc(Cc2cccc(-c3cn(C)c4ccccc34)c2)c(OC)cc1N(C)CCN(C)C, ,
CHEMBL4464589_synthetic_inactive,IC50,'=',29222.65664432723,nM,CCC/C=C\C(=O)Nc1cc(Cc2cccc(-c3cn(C)c4ccc(F)cc34)c2)c(OC)cc1N(C)CCN(C)C, ,
CHEMBL4548960_synthetic_inactive,IC50,'=',15455.04005616599,nM,CCC/C=C\C(=O)Nc1cc(Cc2cc(C)cc(-c3cn(C)c4ccccc34)c2)c(OC)cc1N(C)CCN(C)C, ,
CHEMBL4439632_synthetic_inactive,IC50,'=',72111.93668824123,nM,C=C(Cl)C(=O)Nc1cc(Cc2cc(C)cc(-c3cn(C)c4ccccc34)c2)c(OC)cc1N(C)CCN(C)C, ,
CHEMBL4445797_synthetic_inactive,IC50,'=',57301.4390889286,nM,CC/C=C\C(=O)Nc1cc(Cc2ccc(C#N)c(-c3cn(C)c4ccccc34)c2)c(OC)cc1N(C)CCN(C)C, ,
CHEMBL4444312_synthetic_inactive,IC50,'=',95227.76065562456,nM,CCC/C=C\C(=O)Nc1cc(Cc2cc3c(c(-c4cn(C)c5ccccc45)c2)CS(=O)(=O)CC3)c(OC)cc1N(C)CCN(C)C, ,
CHEMBL4460320_synthetic_inactive,IC50,'=',64990.59962904792,nM,CC/C=C\C(=O)Nc1cc(Cc2cc(C)cc(-c3cn(C)c4ccccc34)c2)c(OC)cc1N(C)CCN(C)C, ,
CHEMBL4463634_synthetic_inactive,IC50,'=',58643.57110466135,nM,C=C(Cl)C(=O)Nc1cc(Cc2ccc(C#N)c(-c3cn(C)c4ccccc34)c2)c(OC)cc1N(C)CCN(C)C, ,
CHEMBL4471845_synthetic_inactive,IC50,'=',71113.41770235833,nM,C=C(Cl)C(=O)Nc1cc(Cc2cc3c(c(-c4cn(C)c5ccccc45)c2)CSCC3)c(OC)cc1N(C)CCN(C)C, ,
CHEMBL4441933_synthetic_inactive,IC50,'=',61479.86369837462,nM,C=C(Cl)C(=O)Nc1cc(Cc2cccc(-c3cn(C)c4ccccc34)c2)c(OC)cc1N(C)CCN(C)C, ,
CHEMBL4553685_synthetic_inactive,IC50,'=',57997.027161442806,nM,CCC/C=C\C(=O)Nc1cc(Cc2ccc(C#N)c(-c3cn(C)c4ccccc34)c2)c(OC)cc1N(C)CCN(C)C, ,
CHEMBL4434924_synthetic_inactive,IC50,'=',57214.47449667488,nM,COc1cc(N(C)CCN(C)C)c(NC(=O)/C=C\C(C)C)cc1Cc1cc(C)cc(-c2cn(C)c3ccccc23)c1, ,
CHEMBL4451986_synthetic_inactive,IC50,'=',85572.39301988266,nM,C/C=C\C(=O)Nc1cc(Cc2cccc(-c3cn(C)c4ccccc34)c2)c(OC)cc1N(C)CCN(C)C, ,
CHEMBL5175316_synthetic_inactive,IC50,'=',43993.91757355442,nM,COc1ccc(C(=O)Nc2cc(Cc3cccc(-c4cn(C)c5ccccc45)c3)c(OC)cc2N(C)CCN(C)C)nc1, ,
CHEMBL5191292_synthetic_inactive,IC50,'=',26401.3151224684,nM,COc1cc(N(C)CCN(C)C)c(NC(=O)c2ccncc2OC)cc1Cc1cccc(-c2cn(C)c3ccccc23)c1, ,
CHEMBL5196254_synthetic_inactive,IC50,'=',44981.43291717251,nM,COc1cc(N(C)CCN(C)C)c(NC(=O)c2nccn2C)cc1Cc1cccc(-c2cn(C)c3ccccc23)c1, ,
CHEMBL4468034_synthetic_inactive,IC50,'=',62728.13803268845,nM,CC/C=C\C(=O)Nc1cc(Cc2cccc(-c3cn(C)c4ccccc34)c2)c(OC)cc1N(C)CCN(C)C, ,
CHEMBL4470120_synthetic_inactive,IC50,'=',89064.58391190386,nM,CCC/C=C\C(=O)Nc1cc(Cc2ccc(C#N)c(-c3cn(C)c4ccc(F)cc34)c2)c(OC)cc1N(C)CCN(C)C, ,
CHEMBL4583858_synthetic_inactive,IC50,'=',40508.99109972656,nM,CCC/C=C\C(=O)Nc1cc(Cc2cccc(-c3cn(C)c4ccccc34)c2)c(OC)cc1N(C)CCN(C)C, ,
CHEMBL4527702_synthetic_inactive,IC50,'=',71717.028896518,nM,COc1cc(N(C)CCN(C)C)c(NC(=O)C=C(C)C)cc1Cc1cccc(-c2cn(C)c3ccccc23)c1, ,
CHEMBL4452628_synthetic_inactive,IC50,'=',32771.36894498707,nM,COc1cc(N(C)CCN(C)C)c(NC(=O)/C=C\C(C)C)cc1Cc1ccc(C#N)c(-c2cn(C)c3ccccc23)c1, ,
CHEMBL4535047_synthetic_inactive,IC50,'=',94136.16470313192,nM,COc1cc(N(C)CCN(C)C)c(NC(=O)/C=C\C(C)C)cc1Cc1ccc(C#N)c(-c2cn(C)c3ccc(F)cc23)c1, ,
CHEMBL5203821_synthetic_inactive,IC50,'=',32290.211599861475,nM,COc1cc(N(C)CCN(C)C)c(NC(=O)c2cccnc2)cc1Cc1cccc(-c2cn(C)c3ccccc23)c1, ,
CHEMBL4472983_synthetic_inactive,IC50,'=',47042.56191835581,nM,CC/C=C\C(=O)Nc1cc(Cc2cccc(-c3cn(C)c4ccc(F)cc34)c2)c(OC)cc1N(C)CCN(C)C, ,
CHEMBL5174232_synthetic_inactive,IC50,'=',62163.68302117292,nM,COc1cc(N(C)CCN(C)C)c(NC(=O)c2ccncc2)cc1Cc1cccc(-c2cn(C)c3ccccc23)c1, ,
CHEMBL4438905_synthetic_inactive,IC50,'=',50223.827071812215,nM,COc1cc(N(C)CCN(C)C)c(NC(=O)/C=C\C(C)C)cc1Cc1cccc(-c2cn(C)c3ccccc23)c1, ,
CHEMBL5185772_synthetic_inactive,IC50,'=',52679.08986612864,nM,COc1cc(N(C)CCN(C)C)c(NC(=O)c2nccn2C)cc1Cc1cc(-c2cn(C)c3ccccc23)c2cccnc2c1, ,
CHEMBL4553484_synthetic_inactive,IC50,'=',99000.03473983558,nM,COc1cc(N(C)CCN(C)C)c(NC(=O)/C=C\C(C)C)cc1Cc1cc(C)cc(-c2cn(C)c3ccc(F)cc23)c1, ,
CHEMBL4579805_synthetic_inactive,IC50,'=',14013.446419062617,nM,CCC/C=C\C(=O)Nc1cc(Cc2cc(C)cc(-c3cn(C)c4ccc(F)cc34)c2)c(OC)cc1N(C)CCN(C)C, ,
CHEMBL4583545_synthetic_inactive,IC50,'=',48788.93074657109,nM,C=C(Cl)C(=O)Nc1cc(Cc2cc3c(c(-c4cn(C)c5ccccc45)c2)CS(=O)(=O)CC3)c(OC)cc1N(C)CCN(C)C, ,
CHEMBL4445761_synthetic_inactive,IC50,'=',80963.39845768554,nM,CC/C=C\C(=O)Nc1cc(Cc2cc(C)cc(-c3cn(C)c4ccc(F)cc34)c2)c(OC)cc1N(C)CCN(C)C, ,
CHEMBL4282543_synthetic_inactive,IC50,'=',92933.29030146774,nM,C=C=CC(=O)Nc1cc(Cc2cccc(-c3cn(C)c4ccccc34)c2)c(OC)cc1OCCN1CCN(C)CC1, ,
CHEMBL4279227_synthetic_inactive,IC50,'=',96719.27966613932,nM,C=C=CC(=O)Nc1cc(Cc2cccc(-c3c[nH]c4ccccc34)c2)c(OC)cc1N(C)CCN(C)C, ,
CHEMBL4282954_synthetic_inactive,IC50,'=',50660.58224437344,nM,C=C=CC(=O)Nc1cc(Cc2cccc(-c3cn(C)c4ccccc34)c2)c(OC)cc1N1CCOCC1, ,
CHEMBL4287401_synthetic_inactive,IC50,'=',30961.48028243898,nM,C=C=CC(=O)Nc1cc(Cc2cccc(-c3cn(C)c4ccccc34)c2)c(OC)cc1OCCN1CCOCC1, ,
CHEMBL4294211_synthetic_inactive,IC50,'=',76863.2360764822,nM,C=C=CC(=O)Nc1cc(Cc2cccc(-c3cn(C)c4ccccc34)c2)c(OC)cc1N1CCC(N2CCOCC2)CC1, ,
CHEMBL4293145_synthetic_inactive,IC50,'=',79677.74803247998,nM,C=C=CC(=O)Nc1cc(Cc2cccc(-c3cn(C)c4ccccc34)c2)c(OC)cc1O[C@H]1CCOC1, ,
CHEMBL4279016_synthetic_inactive,IC50,'=',61944.14695994499,nM,C=C=CC(=O)Nc1cc(Cc2cccc(-c3cn(C)c4ccccc34)c2)c(OC)cc1N1CCC(N2CCN(C)CC2)CC1, ,
CHEMBL4293734_synthetic_inactive,IC50,'=',82371.7865054953,nM,C=C=CC(=O)Nc1cc(Cc2cccc(-c3cn(C)c4ccccc34)c2)c(OC)cc1N1CCC(N(C)C)CC1, ,
CHEMBL4278815_synthetic_inactive,IC50,'=',22906.85675607256,nM,C=C=CC(=O)Nc1cc(Cc2cccc(-c3cnn4ccccc34)c2)c(OC)cc1N(C)CCN(C)C, ,
CHEMBL4282523_synthetic_inactive,IC50,'=',84279.81012373183,nM,C=C=CC(=O)Nc1cc(Cc2cccc(-c3cn(C)c4ccccc34)c2)ccc1N(C)CCN(C)C, ,
CHEMBL4280993_synthetic_inactive,IC50,'=',35943.6857845566,nM,C=C=CC(=O)Nc1cc(Cc2cccc(-c3cn(C)c4ccccc34)c2)c(C)cc1N(C)CCN(C)C, ,
CHEMBL2029438_synthetic_inactive,IC50,'=',17824.615673178236,nM,C=CC(=O)Nc1cccc(N2C(=O)N(Cc3ccccc3)Cc3ccc(Cc4ccc(N5CCN(C)CC5)cc4OC)cc32)c1, ,
CHEMBL5187169_synthetic_inactive,IC50,'=',15992.146478586788,nM,C=CC(=O)Nc1cccc(Nc2cc(Cc3ccc(SCC(=O)N4CCOCC4)cc3)ccc2Cl)c1, ,
CHEMBL3954684_synthetic_inactive,IC50,'=',58297.1231256969,nM,C=CC(=O)Nc1cccc(Nc2cc(Cc3ccc(OC)cc3OC)ccc2C(F)(F)F)c1, ,
CHEMBL3956465_synthetic_inactive,IC50,'=',71465.23220865818,nM,C=CC(=O)Nc1cccc(Nc2cc(Cc3ccc(OC)c(OC)c3OC)ccc2C(F)(F)F)c1, ,
CHEMBL5196024_synthetic_inactive,IC50,'=',93323.48823173114,nM,C=CC(=O)Nc1cccc(Nc2cc(Cc3ccc(SCCCN4CCOCC4)cc3)ccc2Cl)c1, ,
CHEMBL5196498_synthetic_inactive,IC50,'=',98794.86004534629,nM,C=CC(=O)Nc1cccc(Nc2cc(Cc3ccc(N4CCN(C(=O)CCCC(=O)Nc5cccc6c5C(=O)N(C5CCC(=O)NC5=O)C6=O)CC4)cc3OC)ccc2C(F)(F)F)c1, ,
CHEMBL3986363_synthetic_inactive,IC50,'=',53454.48118037023,nM,C=CC(=O)Nc1cccc(Nc2cc(Cc3ccc(OC)c(OC)c3OC)ccc2Cl)c1, ,
CHEMBL3954273_synthetic_inactive,IC50,'=',92403.36563019936,nM,C=CC(=O)Nc1cccc(Nc2cc(Cc3ccc(OC)c(OC)c3OC)ccc2Br)c1, ,
CHEMBL3910422_synthetic_inactive,IC50,'=',33343.83333746657,nM,C=CC(=O)Nc1cccc(Nc2cc(Cc3ccc(OC)cc3OC)ccc2Br)c1, ,
CHEMBL5204954_synthetic_inactive,IC50,'=',25751.051064005595,nM,C=CC(=O)Nc1cccc(Nc2cc(Cc3ccc(N4CCN(CC(=O)NCCNc5cccc6c5C(=O)N(C5CCC(=O)N(C)C5=O)C6=O)CC4)cc3OC)ccc2C(F)(F)F)c1, ,
CHEMBL3938358_synthetic_inactive,IC50,'=',76170.75843319605,nM,C=CC(=O)Nc1cccc(Nc2cc(Cc3ccc(OC)cc3OC)ccc2Cl)c1, ,
CHEMBL3954906_synthetic_inactive,IC50,'=',16749.720481891978,nM,C=CC(=O)Nc1cccc(Nc2cc(Cc3ccccc3OC)ccc2Br)c1, ,
CHEMBL3903641_synthetic_inactive,IC50,'=',15549.054335420244,nM,C=CC(=O)Nc1cccc(Nc2cc(Cc3ccccc3OC)ccc2C(F)(F)F)c1, ,
CHEMBL3891187_synthetic_inactive,IC50,'=',24619.19736918417,nM,C=CC(=O)Nc1cccc(Nc2cc(Cc3cccc(OC)c3OC)ccc2C(F)(F)F)c1, ,
CHEMBL3903707_synthetic_inactive,IC50,'=',87588.06844527535,nM,C=CC(=O)Nc1cccc(Nc2cc(Cc3ccccc3OC)ccc2Cl)c1, ,
CHEMBL3919271_synthetic_inactive,IC50,'=',27404.71137000381,nM,C=CC(=O)Nc1cccc(Nc2cc(Cc3cccc(OC)c3OC)ccc2Cl)c1, ,
CHEMBL5179538_synthetic_inactive,IC50,'=',89556.63533235092,nM,C=CC(=O)Nc1cccc(Nc2cc(Cc3ccc(N4CCN(CC(=O)NCCNc5cccc6c5CN(C5CCC(=O)NC5=O)C6=O)CC4)cc3OC)ccc2C(F)(F)F)c1, ,
CHEMBL4862351_synthetic_inactive,IC50,'=',63356.34569723254,nM,CCOC(=O)c1ccccc1Nc1cc(Cc2ccc(OCC(=O)N3CCOCC3)cc2)ccc1Cl, ,
CHEMBL4875985_synthetic_inactive,IC50,'=',23498.54187011912,nM,O=C(NO)c1ccccc1Nc1cc(Cc2ccc(OCCN3CCOCC3)cc2)ccc1Cl, ,
CHEMBL4862976_synthetic_inactive,IC50,'=',10978.67176582383,nM,CNC(=O)c1ccccc1Nc1cc(Cc2ccc(NC(=O)CN3CCOCC3)c(C)c2)ccc1Cl, ,
CHEMBL4869024_synthetic_inactive,IC50,'=',45270.13497853866,nM,CN1CCN(CCOc2ccc(Cc3ccc(Cl)c(Nc4ccccc4C(=O)NO)c3)cc2)CC1, ,
CHEMBL4208811_synthetic_inactive,Ki,'=',30732.091358921625,nM,C=CC(=O)N[C@H]1CCC(c2cc(Nc3ccc(N4CCN(C)CC4)cc3)c3ncn(C(C)C)c3c2)C1, ,
CHEMBL5188568_synthetic_inactive,IC50,'=',21657.259187247782,nM,C=CC(=O)N1CCC(N2C(=O)N(c3ccccc3)Cc3ccc(Cc4ccc(N5CCN(C)CC5)c(C)c4)cc32)C1, ,
CHEMBL4858409_synthetic_inactive,IC50,'=',98045.15461318228,nM,O=C(NO)c1ccccc1Nc1cc(Cc2ccc(OCC(=O)N3CCOCC3)cc2)ccc1Cl, ,
CHEMBL5268573_synthetic_inactive,Ki,'=',30178.84885553255,nM,COC1CCC(c2cccc(Nc3cc4c(cn3)c(C(N)=O)nn4C(C)C)c2)CC1, ,
CHEMBL4206312_synthetic_inactive,Ki,'=',42277.49777434248,nM,C=CC(=O)N1CC[C@@H](Cc2cc(Nc3ccc(N4CCN(C)CC4)cc3)c3ncn(C(C)C)c3c2)C1, ,
CHEMBL4858535_synthetic_inactive,IC50,'=',10882.153704821234,nM,CNC(=O)c1ccccc1Nc1cc(Cc2ccc(OCCCN3CCC(C(=O)NO)CC3)cc2)ccc1Cl, ,
CHEMBL4871985_synthetic_inactive,IC50,'=',64505.04292790768,nM,CNC(=O)c1ccccc1Nc1cc(Cc2ccc(N3CCC(C(=O)NO)CC3)cc2)ccc1Cl, ,
CHEMBL4870560_synthetic_inactive,IC50,'=',98021.25971542302,nM,O=C(NO)c1ccccc1Nc1cc(Cc2ccc(OCCCN3CCOCC3)cc2)ccc1Cl, ,
CHEMBL4851795_synthetic_inactive,IC50,'=',12156.218331782518,nM,O=C(COc1ccc(Cc2ccc(Cl)c(Nc3ccccc3C(=O)NO)c2)cc1)NO, ,
CHEMBL4861707_synthetic_inactive,IC50,'=',10430.779815113245,nM,CN1CCN(c2ccc(Cc3ccc(Cl)c(Nc4ccccc4C(=O)NO)c3)cc2)CC1, ,
CHEMBL4858714_synthetic_inactive,IC50,'=',96384.5521706034,nM,O=C(NO)c1ccccc1Nc1cc(Cc2ccc(CN3CCOCC3)cc2)ccc1Cl, ,
CHEMBL4849337_synthetic_inactive,IC50,'=',98608.43363173529,nM,O=C(CN1CCOCC1)Nc1ccc(Cc2ccc(Cl)c(Nc3ccccc3C(=O)NO)c2)cc1, ,
CHEMBL4848234_synthetic_inactive,IC50,'=',68134.37477300805,nM,O=C(NO)c1ccccc1Nc1cc(Cc2ccc(N3CCOCC3)cc2)ccc1Cl, ,
CHEMBL4870265_synthetic_inactive,IC50,'=',80731.9019702839,nM,CNC(=O)c1ccccc1Nc1cc(Cc2ccc(CN3CCC(C(=O)NO)CC3)cc2)ccc1Cl, ,
CHEMBL4206604_synthetic_inactive,Ki,'=',19764.12046251292,nM,CC(=O)N1CC[C@H](Cc2cc(Nc3ccc(N4CCN(C)CC4)cc3)c3ncn(C(C)C)c3c2)C1, ,
CHEMBL4207425_synthetic_inactive,Ki,'=',32208.655301392453,nM,C=CC(=O)N[C@@H]1CCC(c2cc(Nc3ccc(N4CCN(C)CC4)cc3)c3ncn(C(C)C)c3c2)C1, ,
CHEMBL4213741_synthetic_inactive,Ki,'=',84817.05083068508,nM,C=CC(=O)N1CC[C@H](Cc2cc(Nc3ccc(N4CCN(C)CC4)cc3)c3ncn(C(C)C)c3c2)C1, ,
CHEMBL4873830_synthetic_inactive,IC50,'=',95581.81345302465,nM,O=C(O)c1ccccc1Nc1cc(Cc2ccc(OCC(=O)N3CCOCC3)cc2)ccc1Cl, ,
CHEMBL4290812,IC50,'=',0.3,nM,C=C=CC(=O)Nc1cc(Nc2nccc(-c3cn(C)c4ccccc34)n2)c(OC)cc1N1CCN(C)CC1, ,CHEMBL4257480
CHEMBL4282688,IC50,'=',0.7,nM,C=C=CC(=O)Nc1cc(Nc2ncc(OC)c(-c3cn(C)c4ccccc34)n2)c(OC)cc1N(C)CCN(C)C, ,CHEMBL4257480
CHEMBL4279057,IC50,'=',0.7,nM,C=C=CC(=O)Nc1cc(Nc2nccc(-c3cn(C)c4ccccc34)n2)c(OC)cc1N1CCC(N(C)C)C1, ,CHEMBL4257480
CHEMBL4293126,IC50,'=',0.8,nM,C=C=CC(=O)Nc1cc(Nc2nccc(-c3cn(C)c4ccccc34)n2)c(OCC)cc1N(C)CCN(C)C, ,CHEMBL4257480
CHEMBL4277911,IC50,'=',0.8,nM,C=C=CC(=O)Nc1cc(Nc2nccc(-c3cn(C)c4ccccc34)n2)c(OC)cc1N(CC)CCN(C)C, ,CHEMBL4257480
CHEMBL4287141,IC50,'=',1.0,nM,C=C=CC(=O)Nc1cc(Nc2nccc(-c3cn(C)c4cc(F)ccc34)n2)c(OC)cc1N(C)CCN(C)C, ,CHEMBL4257480
CHEMBL4290568,IC50,'=',1.0,nM,C=C=CC(=O)Nc1cc(Nc2ncc(C)c(-c3cn(C)c4ccccc34)n2)c(OC)cc1N(C)CCN(C)C, ,CHEMBL4257480
CHEMBL4288246,IC50,'=',1.2,nM,C=C=CC(=O)Nc1cc(Nc2nccc(-c3cn(C)c4ccccc34)n2)c(OC)cc1N(C)CCN1CCOCC1, ,CHEMBL4257480
CHEMBL4286318,IC50,'=',1.4,nM,C=C=CC(=O)Nc1cc(Nc2nccc(-c3cn(C)c4ccccc34)n2)c(OC)cc1N(C)CCN(C)C, ,CHEMBL4257480
CHEMBL4289490,IC50,'=',2.6,nM,C=C=CC(=O)Nc1cc(Nc2nccc(-c3cn(C)c4cc(Cl)ccc34)n2)c(OC)cc1N(C)CCN(C)C, ,CHEMBL4257480
CHEMBL4557772,IC50,'=',6.0,nM,C=C(F)C(=O)Nc1cc(Nc2nccc(-c3cn(C)c4ccccc34)n2)c(OC)cc1N(C)CCN(C)C, ,CHEMBL4411272
CHEMBL4464589,IC50,'=',7.5,nM,CCC/C=C\C(=O)Nc1cc(Nc2nccc(-c3cn(C)c4ccc(F)cc34)n2)c(OC)cc1N(C)CCN(C)C, ,CHEMBL4411272
CHEMBL4548960,IC50,'=',8.0,nM,CCC/C=C\C(=O)Nc1cc(Nc2nc(C)cc(-c3cn(C)c4ccccc34)n2)c(OC)cc1N(C)CCN(C)C, ,CHEMBL4411272
CHEMBL4439632,IC50,'=',10.0,nM,C=C(Cl)C(=O)Nc1cc(Nc2nc(C)cc(-c3cn(C)c4ccccc34)n2)c(OC)cc1N(C)CCN(C)C, ,CHEMBL4411272
CHEMBL4445797,IC50,'=',16.0,nM,CC/C=C\C(=O)Nc1cc(Nc2ncc(C#N)c(-c3cn(C)c4ccccc34)n2)c(OC)cc1N(C)CCN(C)C, ,CHEMBL4411272
CHEMBL4444312,IC50,'=',16.0,nM,CCC/C=C\C(=O)Nc1cc(Nc2nc3c(c(-c4cn(C)c5ccccc45)n2)CS(=O)(=O)CC3)c(OC)cc1N(C)CCN(C)C, ,CHEMBL4312015
CHEMBL4460320,IC50,'=',18.0,nM,CC/C=C\C(=O)Nc1cc(Nc2nc(C)cc(-c3cn(C)c4ccccc34)n2)c(OC)cc1N(C)CCN(C)C, ,CHEMBL4411272
CHEMBL4463634,IC50,'=',20.0,nM,C=C(Cl)C(=O)Nc1cc(Nc2ncc(C#N)c(-c3cn(C)c4ccccc34)n2)c(OC)cc1N(C)CCN(C)C, ,CHEMBL4411272
CHEMBL4471845,IC50,'=',31.0,nM,C=C(Cl)C(=O)Nc1cc(Nc2nc3c(c(-c4cn(C)c5ccccc45)n2)CSCC3)c(OC)cc1N(C)CCN(C)C, ,CHEMBL4312015
CHEMBL4441933,IC50,'=',33.0,nM,C=C(Cl)C(=O)Nc1cc(Nc2nccc(-c3cn(C)c4ccccc34)n2)c(OC)cc1N(C)CCN(C)C, ,CHEMBL4411272
CHEMBL4553685,IC50,'=',37.0,nM,CCC/C=C\C(=O)Nc1cc(Nc2ncc(C#N)c(-c3cn(C)c4ccccc34)n2)c(OC)cc1N(C)CCN(C)C, ,CHEMBL4411272
CHEMBL4434924,IC50,'=',38.0,nM,COc1cc(N(C)CCN(C)C)c(NC(=O)/C=C\C(C)C)cc1Nc1nc(C)cc(-c2cn(C)c3ccccc23)n1, ,CHEMBL4411272
CHEMBL4451986,IC50,'=',52.0,nM,C/C=C\C(=O)Nc1cc(Nc2nccc(-c3cn(C)c4ccccc34)n2)c(OC)cc1N(C)CCN(C)C, ,CHEMBL4411272
CHEMBL5175316,IC50,'=',87.0,nM,COc1ccc(C(=O)Nc2cc(Nc3nccc(-c4cn(C)c5ccccc45)n3)c(OC)cc2N(C)CCN(C)C)nc1, ,CHEMBL5137051
CHEMBL5191292,IC50,'=',100.0,nM,COc1cc(N(C)CCN(C)C)c(NC(=O)c2ccncc2OC)cc1Nc1nccc(-c2cn(C)c3ccccc23)n1, ,CHEMBL5137051
CHEMBL5196254,IC50,'=',110.0,nM,COc1cc(N(C)CCN(C)C)c(NC(=O)c2nccn2C)cc1Nc1nccc(-c2cn(C)c3ccccc23)n1, ,CHEMBL5137051
CHEMBL4468034,IC50,'=',177.0,nM,CC/C=C\C(=O)Nc1cc(Nc2nccc(-c3cn(C)c4ccccc34)n2)c(OC)cc1N(C)CCN(C)C, ,CHEMBL4411272
CHEMBL4470120,IC50,'=',201.0,nM,CCC/C=C\C(=O)Nc1cc(Nc2ncc(C#N)c(-c3cn(C)c4ccc(F)cc34)n2)c(OC)cc1N(C)CCN(C)C, ,CHEMBL4411272
CHEMBL4583858,IC50,'=',203.0,nM,CCC/C=C\C(=O)Nc1cc(Nc2nccc(-c3cn(C)c4ccccc34)n2)c(OC)cc1N(C)CCN(C)C, ,CHEMBL4411272
CHEMBL4527702,IC50,'=',209.0,nM,COc1cc(N(C)CCN(C)C)c(NC(=O)C=C(C)C)cc1Nc1nccc(-c2cn(C)c3ccccc23)n1, ,CHEMBL4411272
CHEMBL4452628,IC50,'=',219.0,nM,COc1cc(N(C)CCN(C)C)c(NC(=O)/C=C\C(C)C)cc1Nc1ncc(C#N)c(-c2cn(C)c3ccccc23)n1, ,CHEMBL4411272
CHEMBL4535047,IC50,'=',360.0,nM,COc1cc(N(C)CCN(C)C)c(NC(=O)/C=C\C(C)C)cc1Nc1ncc(C#N)c(-c2cn(C)c3ccc(F)cc23)n1, ,CHEMBL4411272
CHEMBL5203821,IC50,'=',360.0,nM,COc1cc(N(C)CCN(C)C)c(NC(=O)c2cccnc2)cc1Nc1nccc(-c2cn(C)c3ccccc23)n1, ,CHEMBL5137051
CHEMBL4472983,IC50,'=',388.0,nM,CC/C=C\C(=O)Nc1cc(Nc2nccc(-c3cn(C)c4ccc(F)cc34)n2)c(OC)cc1N(C)CCN(C)C, ,CHEMBL4411272
CHEMBL5174232,IC50,'=',391.0,nM,COc1cc(N(C)CCN(C)C)c(NC(=O)c2ccncc2)cc1Nc1nccc(-c2cn(C)c3ccccc23)n1, ,CHEMBL5137051
CHEMBL4438905,IC50,'=',397.0,nM,COc1cc(N(C)CCN(C)C)c(NC(=O)/C=C\C(C)C)cc1Nc1nccc(-c2cn(C)c3ccccc23)n1, ,CHEMBL4411272
CHEMBL5185772,IC50,'=',420.0,nM,COc1cc(N(C)CCN(C)C)c(NC(=O)c2nccn2C)cc1Nc1nc(-c2cn(C)c3ccccc23)c2cccnc2n1, ,CHEMBL5137051
CHEMBL4553484,IC50,'=',892.0,nM,COc1cc(N(C)CCN(C)C)c(NC(=O)/C=C\C(C)C)cc1Nc1nc(C)cc(-c2cn(C)c3ccc(F)cc23)n1, ,CHEMBL4411272
CHEMBL4579805,IC50,'=',923.0,nM,CCC/C=C\C(=O)Nc1cc(Nc2nc(C)cc(-c3cn(C)c4ccc(F)cc34)n2)c(OC)cc1N(C)CCN(C)C, ,CHEMBL4411272
CHEMBL4583545,IC50,'=',990.0,nM,C=C(Cl)C(=O)Nc1cc(Nc2nc3c(c(-c4cn(C)c5ccccc45)n2)CS(=O)(=O)CC3)c(OC)cc1N(C)CCN(C)C, ,CHEMBL4312015
CHEMBL4445761,IC50,'=',998.0,nM,CC/C=C\C(=O)Nc1cc(Nc2nc(C)cc(-c3cn(C)c4ccc(F)cc34)n2)c(OC)cc1N(C)CCN(C)C, ,CHEMBL4411272
CHEMBL4282543,IC50,'=',0.4,nM,C=C=CC(=O)Nc1cc(Nc2nccc(-c3cn(C)c4ccccc34)n2)c(OC)cc1OCCN1CCN(C)CC1, ,CHEMBL4257480
CHEMBL4279227,IC50,'=',0.5,nM,C=C=CC(=O)Nc1cc(Nc2nccc(-c3c[nH]c4ccccc34)n2)c(OC)cc1N(C)CCN(C)C, ,CHEMBL4257480
CHEMBL4282954,IC50,'=',0.6,nM,C=C=CC(=O)Nc1cc(Nc2nccc(-c3cn(C)c4ccccc34)n2)c(OC)cc1N1CCOCC1, ,CHEMBL4257480
CHEMBL4287401,IC50,'=',0.7,nM,C=C=CC(=O)Nc1cc(Nc2nccc(-c3cn(C)c4ccccc34)n2)c(OC)cc1OCCN1CCOCC1, ,CHEMBL4257480
CHEMBL4294211,IC50,'=',0.7,nM,C=C=CC(=O)Nc1cc(Nc2nccc(-c3cn(C)c4ccccc34)n2)c(OC)cc1N1CCC(N2CCOCC2)CC1, ,CHEMBL4257480
CHEMBL4293145,IC50,'=',0.7,nM,C=C=CC(=O)Nc1cc(Nc2nccc(-c3cn(C)c4ccccc34)n2)c(OC)cc1O[C@H]1CCOC1, ,CHEMBL4257480
CHEMBL4279016,IC50,'=',0.7,nM,C=C=CC(=O)Nc1cc(Nc2nccc(-c3cn(C)c4ccccc34)n2)c(OC)cc1N1CCC(N2CCN(C)CC2)CC1, ,CHEMBL4257480
CHEMBL4293734,IC50,'=',1.0,nM,C=C=CC(=O)Nc1cc(Nc2nccc(-c3cn(C)c4ccccc34)n2)c(OC)cc1N1CCC(N(C)C)CC1, ,CHEMBL4257480
CHEMBL4278815,IC50,'=',1.3,nM,C=C=CC(=O)Nc1cc(Nc2nccc(-c3cnn4ccccc34)n2)c(OC)cc1N(C)CCN(C)C, ,CHEMBL4257480
CHEMBL4282523,IC50,'=',1.5,nM,C=C=CC(=O)Nc1cc(Nc2nccc(-c3cn(C)c4ccccc34)n2)ccc1N(C)CCN(C)C, ,CHEMBL4257480
CHEMBL4280993,IC50,'=',2.7,nM,C=C=CC(=O)Nc1cc(Nc2nccc(-c3cn(C)c4ccccc34)n2)c(C)cc1N(C)CCN(C)C, ,CHEMBL4257480
CHEMBL2029438,IC50,'=',0.7,nM,C=CC(=O)Nc1cccc(N2C(=O)N(Cc3ccccc3)Cc3cnc(Nc4ccc(N5CCN(C)CC5)cc4OC)nc32)c1, ,CHEMBL5120754
CHEMBL4575583,IC50,'=',1.0,nM,C=CC(=O)Nc1ccc(OC)c(Nc2cc(-c3nc(SC)n(C)c3-c3ccc(F)cc3)ccn2)c1, ,CHEMBL4354875
CHEMBL5187169,IC50,'=',9.1,nM,C=CC(=O)Nc1cccc(Nc2nc(Nc3ccc(SCC(=O)N4CCOCC4)cc3)ncc2Cl)c1, ,CHEMBL5096180
CHEMBL3954684,IC50,'=',20.0,nM,C=CC(=O)Nc1cccc(Nc2nc(Nc3ccc(OC)cc3OC)ncc2C(F)(F)F)c1, ,CHEMBL3886183
CHEMBL3956465,IC50,'=',20.0,nM,C=CC(=O)Nc1cccc(Nc2nc(Nc3ccc(OC)c(OC)c3OC)ncc2C(F)(F)F)c1, ,CHEMBL3886183
CHEMBL5196024,IC50,'=',27.5,nM,C=CC(=O)Nc1cccc(Nc2nc(Nc3ccc(SCCCN4CCOCC4)cc3)ncc2Cl)c1, ,CHEMBL5096180
CHEMBL5196498,IC50,'=',33.03,nM,C=CC(=O)Nc1cccc(Nc2nc(Nc3ccc(N4CCN(C(=O)CCCC(=O)Nc5cccc6c5C(=O)N(C5CCC(=O)NC5=O)C6=O)CC4)cc3OC)ncc2C(F)(F)F)c1, ,CHEMBL5113409
CHEMBL3986363,IC50,'=',65.0,nM,C=CC(=O)Nc1cccc(Nc2nc(Nc3ccc(OC)c(OC)c3OC)ncc2Cl)c1, ,CHEMBL3886183
CHEMBL3954273,IC50,'=',65.0,nM,C=CC(=O)Nc1cccc(Nc2nc(Nc3ccc(OC)c(OC)c3OC)ncc2Br)c1, ,CHEMBL3886183
CHEMBL3910422,IC50,'=',65.0,nM,C=CC(=O)Nc1cccc(Nc2nc(Nc3ccc(OC)cc3OC)ncc2Br)c1, ,CHEMBL3886183
CHEMBL4441037,IC50,'=',111.0,nM,C=CC(=O)Nc1ccc(OC)c(Nc2cc(-c3c(-c4ccc(F)cc4)nc(SC)n3C)ccn2)c1, ,CHEMBL4354875
CHEMBL5204954,IC50,'=',133.7,nM,C=CC(=O)Nc1cccc(Nc2nc(Nc3ccc(N4CCN(CC(=O)NCCNc5cccc6c5C(=O)N(C5CCC(=O)N(C)C5=O)C6=O)CC4)cc3OC)ncc2C(F)(F)F)c1, ,CHEMBL5113409
CHEMBL3938358,IC50,'=',200.0,nM,C=CC(=O)Nc1cccc(Nc2nc(Nc3ccc(OC)cc3OC)ncc2Cl)c1, ,CHEMBL3886183
CHEMBL3954906,IC50,'=',200.0,nM,C=CC(=O)Nc1cccc(Nc2nc(Nc3ccccc3OC)ncc2Br)c1, ,CHEMBL3886183
CHEMBL3903641,IC50,'=',200.0,nM,C=CC(=O)Nc1cccc(Nc2nc(Nc3ccccc3OC)ncc2C(F)(F)F)c1, ,CHEMBL3886183
CHEMBL3891187,IC50,'=',200.0,nM,C=CC(=O)Nc1cccc(Nc2nc(Nc3cccc(OC)c3OC)ncc2C(F)(F)F)c1, ,CHEMBL3886183
CHEMBL3903707,IC50,'=',650.0,nM,C=CC(=O)Nc1cccc(Nc2nc(Nc3ccccc3OC)ncc2Cl)c1, ,CHEMBL3886183
CHEMBL3919271,IC50,'=',650.0,nM,C=CC(=O)Nc1cccc(Nc2nc(Nc3cccc(OC)c3OC)ncc2Cl)c1, ,CHEMBL3886183
CHEMBL5179538,IC50,'=',965.3,nM,C=CC(=O)Nc1cccc(Nc2nc(Nc3ccc(N4CCN(CC(=O)NCCNc5cccc6c5CN(C5CCC(=O)NC5=O)C6=O)CC4)cc3OC)ncc2C(F)(F)F)c1, ,CHEMBL5113409
CHEMBL4862351,IC50,'=',0.2446,nM,CCOC(=O)c1ccccc1Nc1nc(Nc2ccc(OCC(=O)N3CCOCC3)cc2)ncc1Cl, ,CHEMBL4831496
CHEMBL4875985,IC50,'=',1.097,nM,O=C(NO)c1ccccc1Nc1nc(Nc2ccc(OCCN3CCOCC3)cc2)ncc1Cl, ,CHEMBL4831496
CHEMBL3663927,IC50,'=',1.2,nM,C=CC(=O)Nc1cccc(Oc2nc(Nc3ccc(OC)c(N4CCN(C)CC4)c3)c(C(N)=O)nc2CC)c1, ,CHEMBL3638445
CHEMBL4862976,IC50,'=',3.89,nM,CNC(=O)c1ccccc1Nc1nc(Nc2ccc(NC(=O)CN3CCOCC3)c(C)c2)ncc1Cl, ,CHEMBL4831496
CHEMBL4869024,IC50,'=',6.82,nM,CN1CCN(CCOc2ccc(Nc3ncc(Cl)c(Nc4ccccc4C(=O)NO)n3)cc2)CC1, ,CHEMBL4831496
CHEMBL4208811,Ki,'=',9.0,nM,C=CC(=O)N[C@H]1CCN(c2nc(Nc3ccc(N4CCN(C)CC4)cc3)c3ncn(C(C)C)c3n2)C1, ,CHEMBL4177539
CHEMBL5188568,IC50,'=',9.2,nM,C=CC(=O)N1CCC(N2C(=O)N(c3ccccc3)Cc3cnc(Nc4ccc(N5CCN(C)CC5)c(C)c4)nc32)C1, ,CHEMBL5120754
CHEMBL4858409,IC50,'=',16.04,nM,O=C(NO)c1ccccc1Nc1nc(Nc2ccc(OCC(=O)N3CCOCC3)cc2)ncc1Cl, ,CHEMBL4831496
CHEMBL5268573,Ki,'=',29.0,nM,COC1CCN(c2nccc(Nc3cc4c(cn3)c(C(N)=O)nn4C(C)C)n2)CC1, ,CHEMBL5252534
CHEMBL4206312,Ki,'=',32.0,nM,C=CC(=O)N1CC[C@@H](Nc2nc(Nc3ccc(N4CCN(C)CC4)cc3)c3ncn(C(C)C)c3n2)C1, ,CHEMBL4177539
CHEMBL4858535,IC50,'=',44.96,nM,CNC(=O)c1ccccc1Nc1nc(Nc2ccc(OCCCN3CCC(C(=O)NO)CC3)cc2)ncc1Cl, ,CHEMBL4831496
CHEMBL4871985,IC50,'=',49.94,nM,CNC(=O)c1ccccc1Nc1nc(Nc2ccc(N3CCC(C(=O)NO)CC3)cc2)ncc1Cl, ,CHEMBL4831496
CHEMBL4870560,IC50,'=',64.79,nM,O=C(NO)c1ccccc1Nc1nc(Nc2ccc(OCCCN3CCOCC3)cc2)ncc1Cl, ,CHEMBL4831496
CHEMBL4851795,IC50,'=',65.41,nM,O=C(COc1ccc(Nc2ncc(Cl)c(Nc3ccccc3C(=O)NO)n2)cc1)NO, ,CHEMBL4831496
CHEMBL4861707,IC50,'=',68.81,nM,CN1CCN(c2ccc(Nc3ncc(Cl)c(Nc4ccccc4C(=O)NO)n3)cc2)CC1, ,CHEMBL4831496
CHEMBL4858714,IC50,'=',98.78,nM,O=C(NO)c1ccccc1Nc1nc(Nc2ccc(CN3CCOCC3)cc2)ncc1Cl, ,CHEMBL4831496
CHEMBL4849337,IC50,'=',113.5,nM,O=C(CN1CCOCC1)Nc1ccc(Nc2ncc(Cl)c(Nc3ccccc3C(=O)NO)n2)cc1, ,CHEMBL4831496
CHEMBL4848234,IC50,'=',116.5,nM,O=C(NO)c1ccccc1Nc1nc(Nc2ccc(N3CCOCC3)cc2)ncc1Cl, ,CHEMBL4831496
CHEMBL4870265,IC50,'=',117.5,nM,CNC(=O)c1ccccc1Nc1nc(Nc2ccc(CN3CCC(C(=O)NO)CC3)cc2)ncc1Cl, ,CHEMBL4831496
CHEMBL4206604,Ki,'=',161.0,nM,CC(=O)N1CC[C@H](Nc2nc(Nc3ccc(N4CCN(C)CC4)cc3)c3ncn(C(C)C)c3n2)C1, ,CHEMBL4177539
CHEMBL4207425,Ki,'=',161.0,nM,C=CC(=O)N[C@@H]1CCN(c2nc(Nc3ccc(N4CCN(C)CC4)cc3)c3ncn(C(C)C)c3n2)C1, ,CHEMBL4177539
CHEMBL4213741,Ki,'=',164.0,nM,C=CC(=O)N1CC[C@H](Nc2nc(Nc3ccc(N4CCN(C)CC4)cc3)c3ncn(C(C)C)c3n2)C1, ,CHEMBL4177539
CHEMBL4873830,IC50,'=',198.5,nM,O=C(O)c1ccccc1Nc1nc(Nc2ccc(OCC(=O)N3CCOCC3)cc2)ncc1Cl, ,CHEMBL4831496
